,precision,recall,f1-score,support
0,0.9460450497642745,0.9190839694656489,0.9323696437790397,1965.0
1,0.9134458356015243,0.9421673217293656,0.9275843007186291,1781.0
accuracy,0.9300587293112653,0.9300587293112653,0.9300587293112653,0.9300587293112653
macro avg,0.9297454426828994,0.9306256455975073,0.9299769722488345,3746.0
weighted avg,0.9305460640665013,0.9300587293112653,0.9300944980260789,3746.0
