,precision,recall,f1-score,support
0,0.9500741473059812,0.9262650602409639,0.9380185456320156,2075.0
1,0.9154696132596685,0.9425483503981797,0.928811659192825,1758.0
accuracy,0.9337333681189669,0.9337333681189669,0.9337333681189669,0.9337333681189669
macro avg,0.9327718802828249,0.9344067053195718,0.9334151024124203,3833.0
weighted avg,0.9342028269685385,0.9337333681189669,0.93379582025761,3833.0
