,precision,recall,f1-score,support
0,0.9419551934826884,0.9190263288623944,0.9303495096806638,2013.0
1,0.9117965367965368,0.9366314619232907,0.9240471620510008,1799.0
accuracy,0.9273347324239245,0.9273347324239245,0.9273347324239245,0.9273347324239245
macro avg,0.9268758651396126,0.9278288953928426,0.9271983358658322,3812.0
weighted avg,0.927722396164119,0.9273347324239245,0.9273752380684488,3812.0
