,precision,recall,f1-score,support
0,0.9186237028945932,0.908207343412527,0.9133858267716535,1852.0
1,0.9181511795859413,0.9275291828793775,0.9228163561577547,2056.0
accuracy,0.9183725690890481,0.9183725690890481,0.9183725690890481,0.9183725690890481
macro avg,0.9183874412402673,0.9178682631459523,0.9181010914647041,3908.0
weighted avg,0.9183751082368172,0.9183725690890481,0.9183472311774427,3908.0
