,precision,recall,f1-score,support
0,0.9265566790846195,0.9305184393372528,0.9285333333333332,1871.0
1,0.9316508937960042,0.9277486910994764,0.9296956977964324,1910.0
accuracy,0.9291192806135943,0.9291192806135943,0.9291192806135943,0.9291192806135943
macro avg,0.9291037864403118,0.9291335652183645,0.9291145155648828,3781.0
weighted avg,0.9291300591689211,0.9291192806135943,0.9291205103035842,3781.0
