,precision,recall,f1-score,support
0.0,0.9346057109039799,0.9289705882352941,0.931779629766207,6800.0
1.0,0.9323813523729525,0.9377640101379893,0.9350649350649352,7102.0
accuracy,0.9334628111063157,0.9334628111063157,0.9334628111063157,0.9334628111063157
macro avg,0.9334935316384663,0.9333672991866417,0.9334222824155711,13902.0
weighted avg,0.9334693712199519,0.9334628111063157,0.9334579665689381,13902.0
